,coef_beta1,intercept_beta0,R2,MAE
all,0.80106201245324,62.592148631037865,0.385705906728392,35.85799377806318
filtered_iqr,0.7866138924329228,64.1702860949158,0.39274923495338554,35.45359890068507
winsorized,0.7762799502861021,64.46008299527942,0.40320974205718196,34.79670575558986
