,all,filtered_iqr,winsorized
mean,104.7885409677384,105.74043271082677,105.35106626019714
median,107.64929867817317,107.88653683184795,107.64929867817317
std,63.73960456502332,62.0550948953363,60.4121418399631
min,-150.0057084668484,-84.4207832796033,6.762343873341097
max,249.834669525036,249.834669525036,198.09020118891587
count,500.0,498.0,500.0
