,count,mean,std,min,25%,50%,75%,max,skew,kurtosis
age,160.0,40.01875,8.458676372509045,22.0,34.7,40.150000000000006,44.925,61.1,0.07019760880562034,-0.04422775474911811
income,155.0,41983.866322580645,13262.457037631577,17928.8,32471.53,39332.52,49697.69,87052.4,1.0030695232083506,0.988793691277515
transactions,160.0,3.2375,2.585609668625674,0.0,2.0,3.0,4.0,20.0,3.4989670637636197,20.66213634647898
spend,157.0,117.29159235668789,51.76864487002645,0.54,77.25,119.32,153.34,280.05,0.13212568859530402,-0.04847225432670266
