,age,income,transactions,spend
age,1.0,-0.12316008804133588,0.0377538183427858,0.008173807433435942
income,-0.12316008804133588,1.0,0.06357295420990612,0.3073069446433516
transactions,0.0377538183427858,0.06357295420990612,1.0,0.4806853003236576
spend,0.008173807433435942,0.3073069446433516,0.4806853003236576,1.0
